{
  "runtime_sec": 559.10,
  "avg_fps": 0.36967749304302555,
  "avg_spf": 2.4355737161636353,
  "avg_t_sam": 2.26545,
  "avg_t_obj": 0.07304000000000001,
  "avg_t_clip": 0.09574999999999999,
  "avg_t_up": 0.005435,
  "avg_vram_gb": 3.6606559872,
  "max_vram_gb": 5.04844544,
  "max_reserved_vram_gb": 7.419723776,
  "miou": 31.5,
  "macc": 45.2,
  "f_miou": 55.5,
  "f_macc": 67.9,
  "proto_objects": 134,
  "semantic_groups": 130,
  "multi_member_groups": 4,
  "stored_pair_edges": 2948,
  "active_pair_edges": 4,
  "prob_frames": 200,
  "ambiguous_segments": 252,
  "conservative_skips": 155,
  "committed_segments": 2463
}
